"Jira key","Type","Jira status","Summary","Our status","Evidence in the repo","Ticket UUID (for the API)"
"LER-996","Epic","To Do","Ali Zulqarnain","container","project epic carrying the assignee name; not an engineering ticket","275aec2b-bb28-4bc9-9993-8476ee666191"
"LER-997","Story","To Do","Confirm dependencies","not-started","","6149ad17-68b7-4474-9361-ab334e488688"
"LER-998","Story","To Do","Confirm scope","not-started","","fcb00d5e-4c19-439c-a85c-7962863db050"
"LER-999","Story","To Do","Confirm tech stack","not-started","","130c5b35-4839-4cc3-a594-a834555b5c85"
"LER-1000","Story","Done","Specify FormDefinition format","delivered","FormTemplate / FormFieldDefinition","ae9368e4-1fd8-407f-b9e9-d729e0597716"
"LER-1001","Story","To Do","Define shared field blocks","not-started","","8b2d48a6-8b82-4ea4-8783-8bb9de359ac3"
"LER-1002","Story","Done","Define field types","delivered","FieldType union in form-template.types.ts","06ab0631-60d8-4fdf-b493-4c6ceeee4391"
"LER-1003","Story","To Do","Define rule primitives","not-started","","554d13a0-11bb-4152-9a47-9f7573b26d4a"
"LER-1004","Story","To Do","Schema compiler - backend","not-started","","8b787272-653c-4e0d-9c58-14d3141ed2b6"
"LER-1005","Story","To Do","Schema compiler - frontend","not-started","","b3f96df3-cfe8-4c01-9755-7b5bb93eedf6"
"LER-1006","Story","Done","Renderer","delivered","DynamicForm renders any template; visibleFieldIds for the wizard","e6ae0767-6f1a-4f28-b9d1-dd5e9e773577"
"LER-1007","Story","To Do","Renderer - repeating sub-sections","blocked","NO repeating-group field type exists — blocks faithful MG12/MG6","438f836f-b021-46d8-a51d-9053da097548"
"LER-1008","Story","To Do","Layout binder","not-started","","ae6ad3a1-c21a-495a-9503-a86f342db186"
"LER-1009","Story","To Do","Core schema","partial","Prisma schema exists; JSONB is TEXT on SQLite","1f6ea1cb-4cc0-4b67-9f1a-94f6d9b5f79e"
"LER-1010","Story","To Do","JSONB payload column","partial","valuesJson is serialised TEXT (SQLite); Postgres would allow real JSONB","76acadd5-129a-4ec2-989d-9e605bf68a39"
"LER-1011","Story","To Do","Append-only constraint","not-started","","6e9cbfab-06a4-413c-a00b-ac1013906703"
"LER-1012","Story","To Do","Audit log write path","partial","writes work (FORM_INITIATED, DRAFT_SAVED, AUTO_POPULATED) — no read endpoint","ab87296e-50bf-4d28-85e5-d9a0115856de"
"LER-1013","Story","To Do","OAuth2 authentication","not-started","DemoAuthGuard is a stub resolving a hardcoded user","47762e89-e1a4-483c-a3bd-2b210c64fc70"
"LER-1014","Story","To Do","RBAC roles","not-started","DemoAuthGuard is a stub resolving a hardcoded user","3544060f-544c-4280-b4fc-4694b70ad17b"
"LER-1015","Story","To Do","API-boundary enforcement","not-started","","00fda2eb-0e3f-466f-aeed-3d60aed55ec1"
"LER-1016","Story","To Do","Pipeline setup","partial",".github/workflows/ci.yml builds + runs 95 checks","38351334-60a0-4533-9a48-629f4436a9f4"
"LER-1017","Story","To Do","Pixel-difference test harness","not-started","","e791fbae-518e-48a4-b618-1badbf5ea4ca"
"LER-1018","Story","To Do","Storage-key PII scan","not-started","","40313073-63c0-4006-ace3-e57d7c211b3e"
"LER-1019","Story","Done","Form list interface","delivered","e2e: ""picker offers all 11 MG forms""; GET /api/form-templates","7a8bb0b8-8495-4f0d-82f2-46c57cc51d16"
"LER-1020","Story","Done","Initiation modes","delivered","e2e: standalone + case-linked start; case detail ""Complete MG Form""","ca3e8d66-61b2-424b-ba80-68393ab14e56"
"LER-1021","Story","Done","Skip selection when case-initiated","delivered","e2e: case detail ""Complete MG Form"" starts a draft pre-linked to that case","84c3d2c0-cfe4-4a99-b7aa-250d98d4a7e7"
"LER-1022","Story","Done","Template load","delivered","e2e: ""picker offers all 11 MG forms""; GET /api/form-templates","295b67c9-1dfe-4759-b650-0d938d8e90a9"
"LER-1023","Story","Done","Required-field marking","delivered","e2e: ""required fields are marked and contextual help expands"" (Material required marker)","836d5fcf-9745-4021-99db-98bd8ae277c1"
"LER-1024","Story","Done","Contextual help icons","delivered","e2e: same check — help toggle reveals helpText","d7c6b90b-aabe-42e6-a2a3-6ab2c3bd4c2e"
"LER-1025","Story","Done","Progress indicator","delivered","e2e: ""header progress reports N of M required fields and advances as they are filled""","c2c5f2cc-8550-4791-abdd-35ab16706567"
"LER-1026","Story","Done","Draft save","delivered","e2e: ""explicit Save draft persists and confirms with a snackbar""","9c4921ce-eabd-46ec-9221-3abb94589fbd"
"LER-1027","Story","Done","Draft resume","delivered","e2e: ""draft appears in the work queue and resumes with its saved values""","89d2779e-44ae-499a-b6be-0abebf31fd18"
"LER-1028","Story","Done","Autosave","delivered","e2e: ""debounced autosave persists without an explicit save"" (1.5s)","20434952-afb7-490a-8e88-a00869b91e2f"
"LER-1029","Story","Done","Error: template load failure","delivered","e2e: ""template load failure on the dashboard offers Retry""","06f38761-1974-4b6d-96b2-5aadd816c4bf"
"LER-1030","Story","Done","Error: inaccessible case","delivered","e2e: ""a denied case link shows the explanatory banner on the form"" + API standalone+warning","6731ec49-9a95-478b-a667-d976a6da2f11"
"LER-1031","Story","To Do","MG1 - File Front Sheet","blocked","research: MG1 not in the current MG suite; 0/7 fields corroborated","d2648692-b445-4b5e-96f5-9a2297ddc65f"
"LER-1032","Story","To Do","MG2 - Taped Interview","wrong-form","MG2 is the Special Measures Assessment; this title is the mismatch LER-1205 tracks","8453df8c-df0b-4cbb-b1a9-e9c5d2747e13"
"LER-1033","Story","Done","MG3 - File Prep & Review","delivered","MG3 rebuilt, 59 fields, full provenance, conformance sourcing tier","c7c5a37a-1f51-4789-a2d4-7aeeb927eaa9"
"LER-1034","Story","Done","MG4 - Charge / Requisition","delivered","MG4 rebuilt, 36 fields — e2e/mg4-charge-sheet.spec.ts, 9 checks","4b0a7899-ce88-41ac-be00-192f19e7c0c1"
"LER-1035","Story","Done","MG12 - Exhibits List","delivered","MG12 rebuilt, 7 fields, full provenance, conformance sourcing tier","bc60279f-f2c3-46d5-98a5-74539c44c08c"
"LER-1036","Story","Done","MG5 - Case Summary","delivered","MG5 templateVersion 2, 13 fields — the other quality bar","29f32324-1d40-4667-a658-57be22576567"
"LER-1037","Story","To Do","MG14 - Eyewitness Statement","wrong-form","MG14 is the Conditional Caution per official sources","883bcdbf-2895-4a7f-aaa3-133e8286fe12"
"LER-1038","Story","Done","MG15 - Non-Taped Interview","delivered","MG15 rebuilt, 18 fields, full provenance, conformance sourcing tier","e4cb5cd6-f413-48e7-ab3f-e6d99d8bd465"
"LER-1039","Story","Done","MG16 - Bad Character","delivered","MG16 rebuilt, 19 fields — MG16 subjectName stays unmapped (ebc003 question)","d4261c20-208c-4d89-aec1-a9d405299259"
"LER-1040","Story","Done","QA: Definition of Done checks","delivered","closed by PR #115 — ""every one of the 11 forms opens and renders its own field set""","5efe09c6-a2bc-41b6-9a3d-eff3a2564a30"
"LER-1041","Story","To Do","Case system integration layer","not-started","","b660f056-261f-4d6f-ae00-facfc92b75fa"
"LER-1042","Story","Done","Read linked case file","delivered","GET /api/cases/:id, access-scoped; e2e colleague-only case is unreadable","8cf683c0-1099-4543-80cd-66bfaee6fbfb"
"LER-1043","Story","Done","Field mapping","delivered","libs/shared mapsTo + resolveCaseField; e2e provenance check","14394124-4478-4d57-ab88-b1f3298304dd"
"LER-1044","Story","Done","Pre-fill matching fields","delivered","e2e: ""first open of a case-linked draft populates and summarises""","1d7cff81-41ae-4f65-8510-40924fa9f13f"
"LER-1045","Story","Done","Auto-filled badge","delivered","e2e: ""filled fields carry an Auto-filled badge with a Clear affordance""","28eb4684-bbb3-4be7-8ee5-9e86552dd11a"
"LER-1046","Story","Done","Accept, edit or clear per field","delivered","e2e: clearing and editing a filled field makes it manual","f45e2c9e-dbd4-4ec8-a52f-92693d167a79"
"LER-1047","Story","Done","Population summary","delivered","e2e: ""the summary counts only mappable fields"" + dismissible","de0b42b7-da03-48b0-820a-52a35ba9a1ac"
"LER-1048","Story","Done","Non-mappable field flagging","delivered","e2e: ""unmapped fields carry no auto-fill note""; MG16 subjectName check","b74a6117-b68a-4612-a683-f2200afca023"
"LER-1049","Story","Done","Ambiguous data handling","delivered","e2e: Bellamy two offence dates -> ambiguous note","0ef71c14-732c-4429-87d6-503440a89420"
"LER-1050","Story","Done","Never overwrite existing values","delivered","e2e: ""population never overwrites a manual value on re-run""","e671f73f-8a29-4d42-b05c-68b1bb8e2e72"
"LER-1051","Story","Done","Detect post-population case change","delivered","e2e: ""a case that changed after population surfaces the banner""","54e5faf8-ac12-4785-b2e2-ec892e3e52ae"
"LER-1052","Story","Done","Re-run population option","delivered","e2e: same check — Re-run clears the banner","9c1af75d-f3dd-4fc6-90a9-3f47865ffb8a"
"LER-1053","Story","Done","Read-only guarantee on case file","delivered","no write path to Case exists in the API","10ecc61c-166f-40c4-885e-2f808b1ec842"
"LER-1054","Story","Done","Manual import fallback","not-started","","2df5395b-e930-4b93-8ce2-ed1c554dd895"
"LER-1055","Story","Done","QA: Definition of Done checks","delivered","closed by PR #115 — ""EVERY field the run filled carries the badge, on two different forms""","2e11a360-69fa-4d10-bdc9-b1d93baaf9fa"
"LER-1056","Story","Done","MG11 definition and layout","delivered","MG11 templateVersion 2, 15 fields — the quality bar","95d14aa9-00b5-4128-9400-0548d045b855"
"LER-1057","Story","Done","Wizard shell","delivered","e2e: ""renders four steps, and only MG11 uses the wizard""","8c36fd41-1a12-45ef-a22a-34c8d73efa10"
"LER-1058","Story","Done","Step 1: witness details","delivered","e2e: ""step 1 holds witness details including the new title field""","1b4830e3-d896-48d9-aab2-515dd38ec77d"
"LER-1059","Story","Done","Step 2: narrative text area","delivered","NarrativeField component + e2e narrative checks","fd9890cd-1ea1-4278-861e-e4aad221b30c"
"LER-1060","Story","Done","Step 2: spell-check","delivered","e2e: spellcheck attribute asserted","e282700a-a50d-4b0d-ad48-86a005f2b25f"
"LER-1061","Story","Done","Step 2: word count","delivered","e2e: ""a live word count tracks the narrative""","821c64a4-f32a-4699-ba44-f0fb3886742a"
"LER-1062","Story","Done","Step 2: legal language hook","delivered","delivered by UC-06 (LER-1223..1237, PR #109) — e2e/uc06-legal-language.spec.ts","98e7f109-c260-4b56-b0bd-51834d894f05"
"LER-1063","Story","Done","Step 3: declaration displayed read-only","delivered","e2e: ""the declaration is read-only text, not an editable field""","bde3a4bb-7e6d-49da-8132-715260dabeac"
"LER-1064","Story","Done","Step 3: confirmation checkbox","delivered","e2e: declaration confirmation gates advance","24c07b58-1828-4663-912f-8263fd69b93c"
"LER-1065","Story","Done","Block advance without confirmation","delivered","e2e: ""cannot advance past the declaration until it is confirmed""","0c87d14b-7735-49be-a44c-f5687d0b6f64"
"LER-1066","Story","Done","Step 4: signature date field","delivered","step 4 fields + signature note; dates now DD/MM/YYYY","984149eb-6ce2-478e-a8f9-6f8eaca6e41b"
"LER-1067","Story","Done","Declaration as immutable constant","delivered","MG11_DECLARATION in libs/shared, not a field value","9939e2b5-74e0-4c2e-a302-a60c0d214689"
"LER-1068","Story","Done","Literal typing of declaration","superseded","replaced by MG11_DECLARATION + assertDeclarationIntegrity() (LER-1067/1069/1070)","4adc9d89-d17e-4d00-b1cb-fb1232271e26"
"LER-1069","Story","Done","SHA-256 hash of declaration","delivered","MG11_DECLARATION_SHA256","d85deff1-06ab-427c-9918-90784905db3f"
"LER-1070","Story","Done","Startup hash verification","delivered","e2e: ""the API refuses to start on a tampered declaration""","70bee92f-dfa0-4d2d-ae6e-e0a3a423df11"
"LER-1071","Story","To Do","Page count from renderer","not-started","","89c89241-964f-49f2-920d-1bfb4308f389"
"LER-1072","Story","To Do","Page count interpolation","not-started","","232513a3-d31a-40ed-9a97-8e2243a387dd"
"LER-1073","Story","To Do","Page count assertion","not-started","","c0498087-7aaf-41ed-9275-be74c280d2a3"
"LER-1074","Story","Done","Hearsay and opinion detection","delivered","e2e: all five scope phrases flagged + mixed case","be60753a-57c6-4fb6-9b8c-8f0cf1b2341e"
"LER-1075","Story","Done","Amber underline, non-blocking","delivered","e2e: mark alignment + ""flags never block saving, navigating or completing""","4fae7e7a-14a2-4e69-a3e8-2087d518c7a0"
"LER-1076","Story","Done","Vulnerable witness fields","delivered","e2e: under-18 DOB and specialMeasures both reveal the field + header chip","238f0396-978c-4943-8d8e-f6aef3fc8bd5"
"LER-1077","Story","To Do","Senior solicitor review - wording","blocked","needs a practitioner — see docs/review/*.csv","fbb4e4da-bcf8-4da2-83b1-f99f2440587e"
"LER-1078","Story","To Do","Senior solicitor review - output","blocked","needs a practitioner — see docs/review/*.csv","3eb7fb0b-f5e6-4a32-8cf9-fd2c46ba3239"
"LER-1079","Story","Done","QA: Definition of Done checks","delivered","e2e/uc03-mg11-wizard.spec.ts, 21 checks; UC-03 #1 still Blocked on the wording","de204430-9078-4a4d-b545-a47210e2e3d2"
"LER-1080","Story","Done","MG6 definition and layout","delivered","UC-04 build, PR #85 (26ee51e, d6b68bb) — e2e/uc04-mg6-schedule.spec.ts, 22 checks; pack docs/usecases/uc-04/","9d8bd840-7677-4763-8327-21ce53774ee9"
"LER-1081","Story","Done","Add Item action","delivered","UC-04 build, PR #85 (26ee51e, d6b68bb) — e2e/uc04-mg6-schedule.spec.ts, 22 checks; pack docs/usecases/uc-04/","6997315c-ac67-41d2-a242-e57ef755a625"
"LER-1082","Story","Done","Row fields","delivered","UC-04 build, PR #85 (26ee51e, d6b68bb) — e2e/uc04-mg6-schedule.spec.ts, 22 checks; pack docs/usecases/uc-04/","6c33d7f1-6bf7-4bf8-8a9b-d253bfd83080"
"LER-1083","Story","Done","Stable item identity","delivered","UC-04 build, PR #85 (26ee51e, d6b68bb) — e2e/uc04-mg6-schedule.spec.ts, 22 checks; pack docs/usecases/uc-04/","ee7b13c2-05d9-46f9-ab3c-ef57a3077b85"
"LER-1084","Story","Done","Computed ordinal numbering","delivered","UC-04 build, PR #85 (26ee51e, d6b68bb) — e2e/uc04-mg6-schedule.spec.ts, 22 checks; pack docs/usecases/uc-04/","65a37f3c-3dc3-4e9b-9b9f-377da0ede861"
"LER-1085","Story","Done","Continuous sequence guarantee","delivered","UC-04 build, PR #85 (26ee51e, d6b68bb) — e2e/uc04-mg6-schedule.spec.ts, 22 checks; pack docs/usecases/uc-04/","b57a45e9-b005-4855-95a3-8dff05492d71"
"LER-1086","Story","Done","Renumbering confirmation dialog","delivered","UC-04 build, PR #85 (26ee51e, d6b68bb) — e2e/uc04-mg6-schedule.spec.ts, 22 checks; pack docs/usecases/uc-04/","0db6f829-ce16-43e0-b20e-d3a52fafdcb0"
"LER-1087","Story","Done","Renumber on delete","delivered","UC-04 build, PR #85 (26ee51e, d6b68bb) — e2e/uc04-mg6-schedule.spec.ts, 22 checks; pack docs/usecases/uc-04/","8e81e4e2-bf26-45ae-a9b0-461dbe7c73ad"
"LER-1088","Story","Done","Renumber on edit and reorder","delivered","UC-04 build, PR #85 (26ee51e, d6b68bb) — e2e/uc04-mg6-schedule.spec.ts, 22 checks; pack docs/usecases/uc-04/","54348f84-da17-4767-83ac-876a1d62d017"
"LER-1089","Story","Done","Route sensitive items to UC-07","delivered","UC-04 build, PR #85 (26ee51e, d6b68bb) — e2e/uc04-mg6-schedule.spec.ts, 22 checks; pack docs/usecases/uc-04/","e9806174-0544-49c3-804d-5e92b9d0fd44"
"LER-1090","Story","Done","Completeness check","delivered","UC-04 build, PR #85 (26ee51e, d6b68bb) — e2e/uc04-mg6-schedule.spec.ts, 22 checks; pack docs/usecases/uc-04/","95180c9a-173f-4329-a967-7b27601cb4c6"
"LER-1091","Story","Done","Sparse schedule threshold","delivered","UC-04 build, PR #85 (26ee51e, d6b68bb) — e2e/uc04-mg6-schedule.spec.ts, 22 checks; pack docs/usecases/uc-04/","529cfda4-251b-4026-be81-b316a9b6c9cf"
"LER-1092","Story","Done","Dynamic threshold for summary matters","delivered","UC-04 build, PR #85 (26ee51e, d6b68bb) — e2e/uc04-mg6-schedule.spec.ts, 22 checks; pack docs/usecases/uc-04/","bf415a4a-887e-416c-9520-415d7d65a77a"
"LER-1093","Story","Done","QA: Definition of Done checks","delivered","UC-04 build, PR #85 (26ee51e, d6b68bb) — e2e/uc04-mg6-schedule.spec.ts, 22 checks; pack docs/usecases/uc-04/","ec0be7df-4bc7-4b47-b9d8-a9cdd045b613"
"LER-1094","Story","Done","Validation on field blur","delivered","delivered by LER-1209 (PR #85)","90163baf-0048-4007-80fa-06eb7b3bd02b"
"LER-1095","Story","Done","Required field error state","delivered","delivered by LER-1210 (PR #85)","a7b5a91e-9678-4a04-9079-e0aac114251f"
"LER-1096","Story","Done","Date format enforcement","delivered","e2e/uk-dates.spec.ts — 8 checks, DD/MM/YYYY with ISO storage","6a9e897a-f7a1-4ca9-87ac-4d09349bd155"
"LER-1097","Story","Done","Impossible date rejection","delivered","delivered by LER-1211 (PR #85)","53d290d1-8c2f-4416-b432-bbdcfc22cec7"
"LER-1098","Story","To Do","CPS reference validation","blocked","engineering done (LER-1214); needs a ruling on whether a CPS reference is hand-entered","98d72c9b-9586-4db8-a0c5-6216cb884295"
"LER-1099","Story","To Do","Officer collar number check","blocked","engineering done (LER-1213); needs a decision on a dedicated field + force registry","82a7a832-d6f9-48b7-8a69-254fbefccddb"
"LER-1100","Story","Done","Unverified format warning","delivered","delivered by LER-1212 (PR #85)","c5b8dd4b-5bb9-4037-9550-413ab13fb6f7"
"LER-1101","Story","Done","Cross-field trigger","delivered","delivered by LER-1215 (PR #85)","b990c1a8-4556-4fad-8c4d-fab5ffec03d3"
"LER-1102","Story","Done","Offence date vs charge date rule","delivered","delivered by LER-1217 (PR #85)","f73adf4c-b720-4a96-b055-e1fcccd5d674"
"LER-1103","Story","Done","Consistency Issues panel","delivered","delivered by LER-1216 (PR #85)","bda6ca9b-0b56-4f25-a198-e9422bbc2346"
"LER-1104","Story","Done","Cross-form rules","delivered","cross-form rules — delivered as LER-1259 (UC-08 crossRef checks); e2e/uc08-review-quality.spec.ts; PR #142 (merge 83b6148), audit-order fix PR #144 (4cbbdcd)","746402cc-ad14-4daa-a34d-fee0a7f9e9e2"
"LER-1105","Story","Done","Blocking vs advisory classification","delivered","delivered by LER-1208 (PR #85)","017d6f6c-6d05-4d16-8e22-0ed875c4b8cb"
"LER-1106","Story","Done","Advisory override with reason","delivered","advisory override with reason — delivered as LER-1265 (acknowledge-to-bypass, reason required); e2e/uc08-review-quality.spec.ts; PR #142 (merge 83b6148), audit-order fix PR #144 (4cbbdcd)","63f40d23-d70e-4982-a2dc-fe2969b02acd"
"LER-1107","Story","Done","Finalise blocked on required-field errors","delivered","finalise gate: POST /drafts/:id/finalise 409s while required-field errors exist (drafts.service.ts finalise(); uc08 spec: blocking issues cannot be bypassed); flipped Done 24 Aug with evidence comment","332b17c5-af40-4556-9017-64f1c7febbd7"
"LER-1108","Story","Done","QA: Definition of Done checks","delivered","delivered by LER-1222 (PR #85) — 22 checks","482f1a89-fa05-4ea8-9868-91d2f00ba5ae"
"LER-1109","Story","To Do","Isolated AI microservice","blocked","boundary shipped by LER-1233, unconfigured by default; which service is uc-06 Q6","ad5fffed-96ee-43b7-9d12-6bab9f33f67b"
"LER-1110","Story","To Do","Constrained prompt","blocked","depends on uc-06 Q6","3165a7d4-7dc8-4610-8f42-d8d202965a4f"
"LER-1111","Story","Done","Side panel on narrative focus","delivered","delivered by LER-1225 (PR #109)","f1b09a07-d41a-4ca8-90aa-208ce795220f"
"LER-1112","Story","To Do","Suggestion generation","blocked","STANDARD_PHRASES ships empty by design; needs sourced phrasing (uc-06 Q1/Q2)","a7f56143-4738-4842-8f6a-a3c2230bd973"
"LER-1113","Story","Done","Informal language flags","delivered","delivered by LER-1226 (PR #109)","c2d3b098-ff9c-40ab-b53c-e5e5b0269e80"
"LER-1114","Story","Done","Amber highlight in field","delivered","delivered by LER-1226 (PR #109)","ee659a32-4e8e-4365-96cb-c035cce4f7b7"
"LER-1115","Story","Done","Completeness hints","delivered","delivered by LER-1228 (PR #109)","1afaa5d8-eaea-4b23-9b13-c936b3687a52"
"LER-1116","Story","Done","Insert button per suggestion","delivered","delivered by LER-1229 (PR #109)","02527fc5-a2a0-40e0-9123-247be405c316"
"LER-1117","Story","Done","Insert at cursor position","delivered","delivered by LER-1229 (PR #109)","bd82aadb-ecf5-44e0-8bf4-69427f64ee8c"
"LER-1118","Story","Done","No write path to any form","delivered","delivered by LER-1231 + LER-1233 (PR #109) — structural guards","0ce70d38-ed0f-4338-9c32-8dc020494c4d"
"LER-1119","Story","Done","Dismiss suggestion","delivered","delivered by LER-1232 (PR #109)","759bdf5e-405a-4145-a288-c3060c514d88"
"LER-1120","Story","Done","Dismissed items do not reappear","delivered","delivered by LER-1232 (PR #109)","f488ac3b-e4f2-410b-9af5-7ee07a7b3dfd"
"LER-1121","Story","Done","Panel disable toggle","delivered","delivered by LER-1232 + the scope alt flow (PR #109)","ee4f145f-998c-4928-92da-c5d400257a9b"
"LER-1122","Story","Done","Insert actions logged","delivered","delivered by LER-1230 (PR #109) — LANGUAGE_SUGGESTION_INSERTED","2c3f215f-74b3-470a-8f13-61815db166e7"
"LER-1123","Story","Done","Graceful degradation","delivered","delivered by LER-1234 (PR #109)","17c6557d-5464-434f-8761-33aa47babcea"
"LER-1124","Story","To Do","Solicitor review of sample outputs","not-started","","c1277570-3916-406c-82d8-a86ec8d1ebd7"
"LER-1125","Story","Done","QA: Definition of Done checks","delivered","delivered by LER-1237 (PR #109) — 25 checks","ec73a033-3cb0-4e97-8c45-e4ce29948992"
"LER-1126","Story","Done","MG6D auto-activation","delivered","client original — delivered by LER-1240 (map: docs/usecases/uc-07/open-questions.md); e2e/uc07-sensitive-material.spec.ts; PR #139 (merge 9d47a9d), save-audit fix in PR #148 (e2263d8)","fc8550ff-e555-46f0-84c5-cccf8df419d4"
"LER-1127","Story","Done","Restricted access banner","delivered","client original — delivered by LER-1241 (map: docs/usecases/uc-07/open-questions.md); e2e/uc07-sensitive-material.spec.ts; PR #139 (merge 9d47a9d), save-audit fix in PR #148 (e2263d8)","7540280e-37b7-4b26-9418-92b766cd424b"
"LER-1128","Story","Done","Handling instructions pre-populated","delivered","client original — delivered by LER-1242 (map: docs/usecases/uc-07/open-questions.md); e2e/uc07-sensitive-material.spec.ts; PR #139 (merge 9d47a9d), save-audit fix in PR #148 (e2263d8)","ac011cc4-0f26-4b36-8cff-381bf928c34c"
"LER-1129","Story","Done","Confirmation before editing","delivered","client original — delivered by LER-1243 (map: docs/usecases/uc-07/open-questions.md); e2e/uc07-sensitive-material.spec.ts; PR #139 (merge 9d47a9d), save-audit fix in PR #148 (e2263d8)","00b4380d-1daa-4ef7-a4b9-c91a9778fce8"
"LER-1130","Story","Done","Confirmation not bypassable in UI","delivered","client original — delivered by LER-1244 (map: docs/usecases/uc-07/open-questions.md); e2e/uc07-sensitive-material.spec.ts; PR #139 (merge 9d47a9d), save-audit fix in PR #148 (e2263d8)","6afb2171-2e0f-41df-945e-b32280d22ea4"
"LER-1131","Story","Done","Confirmation not bypassable at API","delivered","client original — delivered by LER-1245 (map: docs/usecases/uc-07/open-questions.md); e2e/uc07-sensitive-material.spec.ts; PR #139 (merge 9d47a9d), save-audit fix in PR #148 (e2263d8)","fa76b824-ce48-492c-bbce-92f1b98821a6"
"LER-1132","Story","Done","PII reminder panel","delivered","client original — delivered by LER-1246 (map: docs/usecases/uc-07/open-questions.md); e2e/uc07-sensitive-material.spec.ts; PR #139 (merge 9d47a9d), save-audit fix in PR #148 (e2263d8)","945f5c10-ac4f-4409-9b6e-e5062e3d2b51"
"LER-1133","Story","Done","Practice direction link","delivered","client original — delivered by LER-1247 (map: docs/usecases/uc-07/open-questions.md); e2e/uc07-sensitive-material.spec.ts; PR #139 (merge 9d47a9d), save-audit fix in PR #148 (e2263d8)","c9578ccf-4f5d-4301-8a77-ac2f43b03e4f"
"LER-1134","Story","Done","Exclude sensitive items from exports","delivered","client original — delivered by LER-1248 (map: docs/usecases/uc-07/open-questions.md); e2e/uc07-sensitive-material.spec.ts; PR #139 (merge 9d47a9d), save-audit fix in PR #148 (e2263d8)","c12ccddc-87a9-4731-95e6-b251e132d512"
"LER-1135","Story","Done","Access logging","delivered","client original — delivered by LER-1249 (map: docs/usecases/uc-07/open-questions.md); e2e/uc07-sensitive-material.spec.ts; PR #139 (merge 9d47a9d), save-audit fix in PR #148 (e2263d8)","3e5f8c0e-6f48-4992-8742-555b93ecea1f"
"LER-1136","Story","Done","Access log immutability","delivered","client original — delivered by LER-1250 (map: docs/usecases/uc-07/open-questions.md); e2e/uc07-sensitive-material.spec.ts; PR #139 (merge 9d47a9d), save-audit fix in PR #148 (e2263d8)","3dd80da3-e824-46bd-b6ef-3908dc2f2475"
"LER-1137","Story","Done","Step-up acknowledgement per access","delivered","client original — delivered by LER-1251 (map: docs/usecases/uc-07/open-questions.md); e2e/uc07-sensitive-material.spec.ts; PR #139 (merge 9d47a9d), save-audit fix in PR #148 (e2263d8)","be19e23f-e2fe-4ef3-944e-de89e3408fee"
"LER-1138","Story","Done","Locked section for unauthorised users","delivered","client original — delivered by LER-1252 (map: docs/usecases/uc-07/open-questions.md); e2e/uc07-sensitive-material.spec.ts; PR #139 (merge 9d47a9d), save-audit fix in PR #148 (e2263d8)","d120151e-4757-492b-85d4-e3db9df9abec"
"LER-1139","Story","Done","Required permission level shown","delivered","client original — delivered by LER-1253 (map: docs/usecases/uc-07/open-questions.md); e2e/uc07-sensitive-material.spec.ts; PR #139 (merge 9d47a9d), save-audit fix in PR #148 (e2263d8)","44355edd-6714-4bcc-ab78-24faea104f4c"
"LER-1140","Story","Done","QA: Definition of Done checks","delivered","client original — delivered by LER-1254 (map: docs/usecases/uc-07/open-questions.md); e2e/uc07-sensitive-material.spec.ts; PR #139 (merge 9d47a9d), save-audit fix in PR #148 (e2263d8)","9fcefefa-f968-46e4-90fe-7a6060bc7e0b"
"LER-1141","Story","Done","Review and Finalise trigger","delivered","client original — delivered by its UC-08 ticket (map: docs/usecases/uc-08/open-questions.md); e2e/uc08-review-quality.spec.ts; PR #142 (merge 83b6148), audit-order fix PR #144 (4cbbdcd)","ddba5843-4e65-4720-9302-a58f05b68d48"
"LER-1142","Story","Done","Check 1 - required fields","delivered","client original — delivered by its UC-08 ticket (map: docs/usecases/uc-08/open-questions.md); e2e/uc08-review-quality.spec.ts; PR #142 (merge 83b6148), audit-order fix PR #144 (4cbbdcd)","0e139801-907a-4aa8-85c8-0d60e253a33f"
"LER-1143","Story","Done","Check 2 - date validity and sequence","delivered","client original — delivered by its UC-08 ticket (map: docs/usecases/uc-08/open-questions.md); e2e/uc08-review-quality.spec.ts; PR #142 (merge 83b6148), audit-order fix PR #144 (4cbbdcd)","fed4026c-f8d5-4d0c-9703-7be650a2636e"
"LER-1144","Story","Done","Check 3 - cross-form references","delivered","client original — delivered by its UC-08 ticket (map: docs/usecases/uc-08/open-questions.md); e2e/uc08-review-quality.spec.ts; PR #142 (merge 83b6148), audit-order fix PR #144 (4cbbdcd)","751977bf-8d9b-4b3a-85e3-6560a1b73964"
"LER-1145","Story","Done","Check 4 - MG6D confirmation","delivered","client original — delivered by its UC-08 ticket (map: docs/usecases/uc-08/open-questions.md); e2e/uc08-review-quality.spec.ts; PR #142 (merge 83b6148), audit-order fix PR #144 (4cbbdcd)","e6d321a9-3e86-46b1-8fe0-3cce9bd8f5ac"
"LER-1146","Story","Done","Issue checklist display","delivered","client original — delivered by its UC-08 ticket (map: docs/usecases/uc-08/open-questions.md); e2e/uc08-review-quality.spec.ts; PR #142 (merge 83b6148), audit-order fix PR #144 (4cbbdcd)","21d82196-ceaf-48fe-97af-087302c69cdd"
"LER-1147","Story","Done","Jump to field navigation","delivered","client original — delivered by its UC-08 ticket (map: docs/usecases/uc-08/open-questions.md); e2e/uc08-review-quality.spec.ts; PR #142 (merge 83b6148), audit-order fix PR #144 (4cbbdcd)","5704086c-abdf-4f08-866d-9f4754dcbaba"
"LER-1148","Story","Done","Blocking issues must resolve","delivered","client original — delivered by its UC-08 ticket (map: docs/usecases/uc-08/open-questions.md); e2e/uc08-review-quality.spec.ts; PR #142 (merge 83b6148), audit-order fix PR #144 (4cbbdcd)","3c0af19d-1350-46ca-9130-f9723a6c0249"
"LER-1149","Story","Done","Advisory acknowledgement","delivered","client original — delivered by its UC-08 ticket (map: docs/usecases/uc-08/open-questions.md); e2e/uc08-review-quality.spec.ts; PR #142 (merge 83b6148), audit-order fix PR #144 (4cbbdcd)","80848eeb-a4aa-4bc6-bea6-6c988477c0e8"
"LER-1150","Story","Done","Finalise button gating","delivered","client original — delivered by its UC-08 ticket (map: docs/usecases/uc-08/open-questions.md); e2e/uc08-review-quality.spec.ts; PR #142 (merge 83b6148), audit-order fix PR #144 (4cbbdcd)","31903d2a-363a-4347-9a0e-a115013abbf8"
"LER-1151","Story","Done","Quality check outcome logged","delivered","client original — delivered by its UC-08 ticket (map: docs/usecases/uc-08/open-questions.md); e2e/uc08-review-quality.spec.ts; PR #142 (merge 83b6148), audit-order fix PR #144 (4cbbdcd)","e20a6ac8-f165-44a9-9143-6d221c0cb8a3"
"LER-1152","Story","Done","QA: Definition of Done checks","delivered","client original — delivered by its UC-08 ticket (map: docs/usecases/uc-08/open-questions.md); e2e/uc08-review-quality.spec.ts; PR #142 (merge 83b6148), audit-order fix PR #144 (4cbbdcd)","d76e3cfe-1d4a-4ac2-b24c-16c54c151dd0"
"LER-1153","Story","To Do","Generate PDF action","not-started","","298cbbdc-13b1-4789-90f2-327f70165e0f"
"LER-1154","Story","To Do","Render pipeline","not-started","","361b7627-7265-4199-9ee4-dca48e20a83b"
"LER-1155","Story","To Do","Bind eleven HMCTS templates","not-started","","09aae85e-f4ba-453f-beb2-647365b19216"
"LER-1156","Story","To Do","Reference renders captured","not-started","","d4888140-1a3f-472d-ae57-09de04aa2ec1"
"LER-1157","Story","To Do","Pixel-difference regression","not-started","","180d8b75-a68e-490c-a4fd-6abf9054ac16"
"LER-1158","Story","To Do","Automatic pagination","not-started","","c9fcc4e6-b84a-41df-bbf6-dd1b98fa1025"
"LER-1159","Story","To Do","In-browser preview","not-started","","eee9ba54-17e3-4050-85ac-2a63983ee073"
"LER-1160","Story","To Do","Preview scroll, zoom and download","not-started","","a0b1e3dc-cd00-4bb5-a5f4-b2564b32ec8f"
"LER-1161","Story","To Do","Exhibit reference hyperlinking","not-started","","f8d0eecd-fbaa-4ce9-80cd-285990bd72ad"
"LER-1162","Story","To Do","DOCX export","not-started","","32f7608e-095d-4b7b-be5f-c1f45863f7d2"
"LER-1163","Story","To Do","DOCX draft watermark and label","not-started","","a7b1928a-eebc-406f-bf48-76dc93edc074"
"LER-1164","Story","To Do","Auto-store to case archive","not-started","","dcaa596a-b50e-48af-8419-0c74bfeb66db"
"LER-1165","Story","To Do","AES-256 encryption at rest","not-started","","5b3acc39-a54d-4c82-acd9-de1ce6ae10ff"
"LER-1166","Story","To Do","PII-free storage naming","not-started","","0c0151b5-599c-4aaf-951c-704487337c8c"
"LER-1167","Story","To Do","Download-time filename generation","not-started","","09d8e791-f93d-4f92-a435-f9dfbeb23d87"
"LER-1168","Story","To Do","Generation failure retry","not-started","","74c8b48f-4ac5-4e8f-ad3e-bfee5de51138"
"LER-1169","Story","To Do","Draft preserved on failure","not-started","","d771a12a-1328-4897-b3df-ba4f0448d620"
"LER-1170","Story","To Do","HMCTS layout sign-off","not-started","","d05b24c9-515f-4e06-864b-f1dd5224ad01"
"LER-1171","Story","To Do","QA: Definition of Done checks","not-started","","2901d787-bf33-4fa1-9b8a-2bd29735709c"
"LER-1172","Story","To Do","Auto-attach to case documents","not-started","","bd41abe0-9f09-4b4d-b830-a02f648d8bbd"
"LER-1173","Story","To Do","Document entry metadata","not-started","","b3399d13-a163-40d8-9787-b7fd562b99fb"
"LER-1174","Story","To Do","Reopen creates editable copy","not-started","","60716559-9449-49b3-84fc-e0877f4cb3cd"
"LER-1175","Story","To Do","Original locked on reopen","not-started","","f22dd6bf-4b9a-475c-a0a2-760ce40c3b75"
"LER-1176","Story","To Do","Amendment re-runs quality check","not-started","","b79ae8a9-e48e-4d8d-a40f-0e6ab6f2d5e5"
"LER-1177","Story","To Do","New version on regeneration","not-started","","2adfed58-37aa-4044-a3c1-52c1c483b49e"
"LER-1178","Story","To Do","Version history drawer","not-started","","7a3ecd05-c9f0-4488-be05-64307ad041d5"
"LER-1179","Story","To Do","Version metadata in drawer","not-started","","ab7f1312-0b87-4bc8-a58b-814aacb1006b"
"LER-1180","Story","To Do","Per-version download link","not-started","","95904781-d2c2-45de-b6ee-654dc48c5e25"
"LER-1181","Story","To Do","Prior versions read-only","not-started","","f93874b0-ccf1-4105-b707-298a628952d8"
"LER-1182","Story","To Do","All versions preserved","not-started","","68924615-05cc-4496-909a-db8bac6f16a6"
"LER-1183","Story","To Do","Side-by-side diff viewer","not-started","","f08e79fc-49cd-47da-9ef2-e0500c21e29c"
"LER-1184","Story","To Do","Standalone form personal archive","not-started","","3de95ba7-5d18-4eae-8fd8-73d53f01b824"
"LER-1185","Story","To Do","Manual case-linking later","not-started","","7f262792-5ee8-407e-ad06-bf4da66f43a9"
"LER-1186","Story","To Do","Archive search and retrieval","not-started","","b5479a38-7be2-4277-8b58-59796d3a3039"
"LER-1187","Story","To Do","QA: Definition of Done checks","not-started","","a6331238-ca31-4ef3-8e43-d07e7ec4eb1a"
"LER-1188","Story","To Do","Full regression test pass","not-started","","c7be69ad-73a4-4329-b3b0-4a13c213aca9"
"LER-1189","Story","To Do","Security review","not-started","","27bbebb3-2dc1-4af1-9868-6310f780b606"
"LER-1190","Story","To Do","Accessibility pass","not-started","","39b1e454-22ed-4ddb-8a85-c683f9dd1b3f"
"LER-1191","Story","To Do","Performance testing","not-started","","a454ecd3-4550-4405-9ecc-f499bc9027ad"
"LER-1192","Story","To Do","Storage audit","not-started","","76131343-23da-4d90-8baa-1b07eff84875"
"LER-1193","Story","To Do","Audit trail review","not-started","","d31688e8-51d9-4981-8e1b-92f1cbfb28f9"
"LER-1194","Story","To Do","User acceptance testing","not-started","","768431de-79e0-4bb4-b9b4-eee60e47c5f7"
"LER-1195","Story","To Do","Staged release","not-started","","a9f21fda-8780-4399-a1a0-274d6f59605d"
"LER-1196","Story","To Do","Handover and documentation","not-started","","8a5ab50d-dda6-43ab-9138-b9dc467b2740"
"LER-1197","Story","To Do","Husnain sign-off","not-started","","fef826a5-8971-403e-bb7a-341971f27c93"
"LER-1198","Sub-task","To Do","Obtain official HMCTS templates for all eleven forms","re-opened","re-opened 24 Aug with evidence: no official central source exists (gov.uk page has guidance only, MoG under NPCC embargo); forms are Home Office/NPCC not HMCTS — docs/answers/template-sourcing-evidence-2026-08.md","198656c0-6373-4556-9b5d-c6c7f4aac029"
"LER-1199","Sub-task","To Do","Obtain case management system API docs and test access","not-started","","82c2d89f-d8b1-40c4-8e8e-abe394d1c6e5"
"LER-1200","Sub-task","Done","Verify MG11 statutory declaration wording with senior solicitor","not-started","","832bf18e-c2a1-4207-9c32-024b644a8d17"
"LER-1201","Sub-task","Done","Confirm single decision-maker, approx 4 hours weekly","not-started","","740a2263-11af-45ae-8632-36e3f9a07711"
"LER-1202","Sub-task","Done","Provision cloud environment with encryption at rest","not-started","","45532e8e-eabc-4fc2-a641-a2f03f935462"
"LER-1203","Sub-task","Done","Confirm senior solicitor available for MG11 and MG6 review","not-started","","b4024f37-e5b3-4067-b5e8-805635b7504e"
"LER-1204","Sub-task","To Do","Confirm two or three end users for acceptance testing","not-started","","56b6dd62-1d3a-4fdc-8c42-bf9dc9d98167"
"LER-1205","Sub-task","Done","Resolve MG2, MG6 and MG14 designation mismatches","not-started","","6ca783ef-904b-45f0-83ff-64d1d7a8bf0d"
"LER-1206","Sub-task","Done","Confirm UC-10 title - Form Archive and Versioning vs Case Attachment","not-started","","3ff3ed43-d1c5-400f-9016-55667cee7c60"
"LER-1207","Story","Done","UC-05: Named format registry with provenance","delivered","UC-05 pack story 1 of 16 — mgs/uc-05-field-validation (186edaf), PR #85; e2e/uc05-field-validation.spec.ts","0b732847-1cd3-48f5-be0d-3607c331fa39"
"LER-1208","Story","Done","UC-05: Severity model — an unsourced rule cannot block","delivered","UC-05 pack story 2 of 16 — mgs/uc-05-field-validation (186edaf), PR #85; e2e/uc05-field-validation.spec.ts","f317f666-f371-445c-9175-8b0f33ea3154"
"LER-1209","Story","Done","UC-05: Blur-time firing and automatic clearing","delivered","UC-05 pack story 3 of 16 — mgs/uc-05-field-validation (186edaf), PR #85; e2e/uc05-field-validation.spec.ts","65566edd-b366-42ce-90f7-d18f4efce314"
"LER-1210","Story","Done","UC-05: Required-field validation across three form types","delivered","UC-05 pack story 4 of 16 — mgs/uc-05-field-validation (186edaf), PR #85; e2e/uc05-field-validation.spec.ts","2929d8fe-7318-4c52-95bf-85029ab22672"
"LER-1211","Story","Done","UC-05: Date format hint and impossible dates","delivered","UC-05 pack story 5 of 16 — mgs/uc-05-field-validation (186edaf), PR #85; e2e/uc05-field-validation.spec.ts","61400b1c-b5a7-4a6c-a959-3328dd9d0b56"
"LER-1212","Story","Done","UC-05: URN and ASN formats, advisory pending sourcing","delivered","UC-05 pack story 6 of 16 — mgs/uc-05-field-validation (186edaf), PR #85; e2e/uc05-field-validation.spec.ts","c2c94ce3-e852-4079-8f67-5d2176c6418b"
"LER-1213","Story","Done","UC-05: Officer collar number — 'Unverified format'","delivered","UC-05 pack story 7 of 16 — mgs/uc-05-field-validation (186edaf), PR #85; e2e/uc05-field-validation.spec.ts","f605a1b4-ed0e-462e-a062-acd3dda337b6"
"LER-1214","Story","Done","UC-05: CPS reference format with no field to attach it to","delivered","UC-05 pack story 8 of 16 — mgs/uc-05-field-validation (186edaf), PR #85; e2e/uc05-field-validation.spec.ts","4dc4c0f2-b849-4d8e-881f-5d5199955d82"
"LER-1215","Story","Done","UC-05: Cross-field rule engine","delivered","UC-05 pack story 9 of 16 — mgs/uc-05-field-validation (186edaf), PR #85; e2e/uc05-field-validation.spec.ts","7fc9d2c6-e42b-4b97-9e89-0e53e7511c19"
"LER-1216","Story","Done","UC-05: Consistency Issues panel","delivered","UC-05 pack story 10 of 16 — mgs/uc-05-field-validation (186edaf), PR #85; e2e/uc05-field-validation.spec.ts","e084301c-8f2f-4025-bfba-8bc10fe6e11a"
"LER-1217","Story","Done","UC-05: Offence date after charge date is flagged","delivered","UC-05 pack story 11 of 16 — mgs/uc-05-field-validation (186edaf), PR #85; e2e/uc05-field-validation.spec.ts","1e8936d7-c6d9-4701-8fb4-3c9100fcb881"
"LER-1218","Story","Done","UC-05: Statement date against the hearing date, advisory","delivered","UC-05 pack story 12 of 16 — mgs/uc-05-field-validation (186edaf), PR #85; e2e/uc05-field-validation.spec.ts","48e0a71d-9a58-4318-8905-4c7eca6dec99"
"LER-1219","Story","Done","UC-05: Conditional requirement","delivered","UC-05 pack story 13 of 16 — mgs/uc-05-field-validation (186edaf), PR #85; e2e/uc05-field-validation.spec.ts","953728a0-428b-420e-8dd8-88da7e1c3edb"
"LER-1220","Story","Done","UC-05: Interview start and end ordering","delivered","UC-05 pack story 14 of 16 — mgs/uc-05-field-validation (186edaf), PR #85; e2e/uc05-field-validation.spec.ts","bbfcf5e6-0b69-4ff1-9811-3e95e189900d"
"LER-1221","Story","Done","UC-05: Server-side parity and the type-shape guard","delivered","UC-05 pack story 15 of 16 — mgs/uc-05-field-validation (186edaf), PR #85; e2e/uc05-field-validation.spec.ts","23c64657-d720-4b4a-acaa-635cf736b56e"
"LER-1222","Story","Done","UC-05: QA: Definition of Done checks","delivered","UC-05 pack story 16 of 16 — mgs/uc-05-field-validation (186edaf), PR #85; e2e/uc05-field-validation.spec.ts","1267c08a-6be2-4c40-b640-2eaf6f8c9fe4"
"LER-1223","Story","Done","UC-06: Declared narrative fields","delivered","UC-06 pack story 1 of 15 — mgs/uc-06-legal-language (2980a3f), PR #109; e2e/uc06-legal-language.spec.ts","2a35af07-7900-4f36-86a7-10abd718f7ab"
"LER-1224","Story","Done","UC-06: Narrative treatment in the flat renderer","delivered","UC-06 pack story 2 of 15 — mgs/uc-06-legal-language (2980a3f), PR #109; e2e/uc06-legal-language.spec.ts","c25feb51-d8a3-4cfb-a48d-3ef1e5fc5e8f"
"LER-1225","Story","Done","UC-06: The Legal Language Assistant panel","delivered","UC-06 pack story 3 of 15 — mgs/uc-06-legal-language (2980a3f), PR #109; e2e/uc06-legal-language.spec.ts","b6c3c716-61b8-4f45-8a45-a8ee3718e4c9"
"LER-1226","Story","Done","UC-06: Informal-language flags with a formal alternative","delivered","UC-06 pack story 4 of 15 — mgs/uc-06-legal-language (2980a3f), PR #109; e2e/uc06-legal-language.spec.ts","e2731e37-6d6b-40dc-be8c-85654a30eb73"
"LER-1227","Story","Done","UC-06: Standard phrase suggestions, provenance-gated","delivered","UC-06 pack story 5 of 15 — mgs/uc-06-legal-language (2980a3f), PR #109; e2e/uc06-legal-language.spec.ts","39bf52c0-d2e2-43b5-b26a-a35e30949318"
"LER-1228","Story","Done","UC-06: Completeness hints","delivered","UC-06 pack story 6 of 15 — mgs/uc-06-legal-language (2980a3f), PR #109; e2e/uc06-legal-language.spec.ts","333a1933-6e48-4879-a48b-5fff8cd8e005"
"LER-1229","Story","Done","UC-06: Insert at cursor","delivered","UC-06 pack story 7 of 15 — mgs/uc-06-legal-language (2980a3f), PR #109; e2e/uc06-legal-language.spec.ts","524a8242-2a83-487f-afc8-42dd75467faa"
"LER-1230","Story","Done","UC-06: Insert is audited","delivered","UC-06 pack story 8 of 15 — mgs/uc-06-legal-language (2980a3f), PR #109; e2e/uc06-legal-language.spec.ts","83aa9851-324d-4aef-8aa4-730aa425a671"
"LER-1231","Story","Done","UC-06: Nothing is ever auto-applied","delivered","UC-06 pack story 9 of 15 — mgs/uc-06-legal-language (2980a3f), PR #109; e2e/uc06-legal-language.spec.ts","627b1f9e-f06c-4823-8131-0301e71504e5"
"LER-1232","Story","Done","UC-06: Per-session dismissal","delivered","UC-06 pack story 10 of 15 — mgs/uc-06-legal-language (2980a3f), PR #109; e2e/uc06-legal-language.spec.ts","579e9184-890e-4d12-b724-c060dd8435ff"
"LER-1233","Story","Done","UC-06: The assistance service boundary","delivered","UC-06 pack story 11 of 15 — mgs/uc-06-legal-language (2980a3f), PR #109; e2e/uc06-legal-language.spec.ts","1063f393-0b5b-49d1-ae9c-01775a4fb79f"
"LER-1234","Story","Done","UC-06: Graceful degradation","delivered","UC-06 pack story 12 of 15 — mgs/uc-06-legal-language (2980a3f), PR #109; e2e/uc06-legal-language.spec.ts","c1e26c42-8740-4ed3-a0cd-93eec0f597e7"
"LER-1235","Story","Done","UC-06: Assistance never blocks","delivered","UC-06 pack story 13 of 15 — mgs/uc-06-legal-language (2980a3f), PR #109; e2e/uc06-legal-language.spec.ts","954dbdfb-b66a-476b-8738-94dbc79be916"
"LER-1236","Story","Done","UC-06: Panel accessibility","delivered","UC-06 pack story 14 of 15 — mgs/uc-06-legal-language (2980a3f), PR #109; e2e/uc06-legal-language.spec.ts","7fb8b363-70bb-41c4-bdb1-29c1f9fbfed9"
"LER-1237","Story","Done","UC-06: QA: Definition of Done checks","delivered","UC-06 pack story 15 of 15 — mgs/uc-06-legal-language (2980a3f), PR #109; e2e/uc06-legal-language.spec.ts","985092b5-3de2-45a8-8d27-bffa7aa4daa5"
"LER-1238","Task","Done","THROWAWAY — API contract probe (status/agentMode). Safe to delete.","parked","throwaway API write-contract probe (docs/pr-bodies/mgs-workflow-template-alignment.md); DELETE returns 403 — remove via UI","788b3692-18d7-459d-b1f2-540a3015db5d"
"LER-1239","Story","Done","UC-04: MG6 field-set rebuild from sourced research","delivered","MG6 field-set rebuild 9->47 — mgs/finish-uc01-06 (b45afc8), PR #115; 48 top-level fields after UC-07 added the MG6D section (v5); conformance MG6 sourcing tier","cdf41e64-1cd2-4da8-913b-71269bc885b4"
"LER-1240","Story","Done","UC-07: MG6D auto-activation from the sensitive classification","delivered","UC-07 delivering ticket (original mapped in docs/usecases/uc-07/open-questions.md); e2e/uc07-sensitive-material.spec.ts; PR #139 (merge 9d47a9d), save-audit fix in PR #148 (e2263d8)","45961318-3b1c-4d2d-a833-a1970d48d497"
"LER-1241","Story","Done","UC-07: Red 'Sensitive — Restricted Access' banner","delivered","UC-07 delivering ticket (original mapped in docs/usecases/uc-07/open-questions.md); e2e/uc07-sensitive-material.spec.ts; PR #139 (merge 9d47a9d), save-audit fix in PR #148 (e2263d8)","eaba0fcb-f675-456f-9cca-3bad838d695b"
"LER-1242","Story","Done","UC-07: Handling instructions pre-populated and read-only","delivered","UC-07 delivering ticket (original mapped in docs/usecases/uc-07/open-questions.md); e2e/uc07-sensitive-material.spec.ts; PR #139 (merge 9d47a9d), save-audit fix in PR #148 (e2263d8)","5a20a383-d5d3-4fa3-846d-c8b902f0316b"
"LER-1243","Story","Done","UC-07: Confirmation before editing","delivered","UC-07 delivering ticket (original mapped in docs/usecases/uc-07/open-questions.md); e2e/uc07-sensitive-material.spec.ts; PR #139 (merge 9d47a9d), save-audit fix in PR #148 (e2263d8)","e6ceea28-abbf-4770-b000-a19eb21fe9e2"
"LER-1244","Story","Done","UC-07: Confirmation not bypassable in the UI","delivered","UC-07 delivering ticket (original mapped in docs/usecases/uc-07/open-questions.md); e2e/uc07-sensitive-material.spec.ts; PR #139 (merge 9d47a9d), save-audit fix in PR #148 (e2263d8)","be995c2d-f527-4b76-a7e1-0471d81d317c"
"LER-1245","Story","Done","UC-07: Confirmation not bypassable at the API","delivered","UC-07 delivering ticket (original mapped in docs/usecases/uc-07/open-questions.md); e2e/uc07-sensitive-material.spec.ts; PR #139 (merge 9d47a9d), save-audit fix in PR #148 (e2263d8)","b01810f0-bd23-4d3f-80e4-2a3e4dc5a3c4"
"LER-1246","Story","Done","UC-07: PII reminder panel","delivered","UC-07 delivering ticket (original mapped in docs/usecases/uc-07/open-questions.md); e2e/uc07-sensitive-material.spec.ts; PR #139 (merge 9d47a9d), save-audit fix in PR #148 (e2263d8)","8cbf3dfb-50b1-439a-8cc5-6888382d5635"
"LER-1247","Story","Done","UC-07: Practice direction link","delivered","UC-07 delivering ticket (original mapped in docs/usecases/uc-07/open-questions.md); e2e/uc07-sensitive-material.spec.ts; PR #139 (merge 9d47a9d), save-audit fix in PR #148 (e2263d8)","63ed0bc5-8d48-4b70-830a-f47d1607762f"
"LER-1248","Story","Done","UC-07: Sensitive items excluded from the non-sensitive schedule export","delivered","UC-07 delivering ticket (original mapped in docs/usecases/uc-07/open-questions.md); e2e/uc07-sensitive-material.spec.ts; PR #139 (merge 9d47a9d), save-audit fix in PR #148 (e2263d8)","d91c7f1c-069d-4b67-a32a-192a85168cdd"
"LER-1249","Story","Done","UC-07: Access logging — every MG6D view and edit","delivered","UC-07 delivering ticket (original mapped in docs/usecases/uc-07/open-questions.md); e2e/uc07-sensitive-material.spec.ts; PR #139 (merge 9d47a9d), save-audit fix in PR #148 (e2263d8)","e8d3906e-02e1-4cbb-8159-aa472c2e189a"
"LER-1250","Story","Done","UC-07: Access log immutability","delivered","UC-07 delivering ticket (original mapped in docs/usecases/uc-07/open-questions.md); e2e/uc07-sensitive-material.spec.ts; PR #139 (merge 9d47a9d), save-audit fix in PR #148 (e2263d8)","b07d0d35-0804-4e4c-900a-be91f8eb3e78"
"LER-1251","Story","Done","UC-07: Step-up acknowledgement on every access","delivered","UC-07 delivering ticket (original mapped in docs/usecases/uc-07/open-questions.md); e2e/uc07-sensitive-material.spec.ts; PR #139 (merge 9d47a9d), save-audit fix in PR #148 (e2263d8)","0f2c4c30-88d5-4960-aadf-e6c8e09e4fe5"
"LER-1252","Story","Done","UC-07: Locked section for users without the permission","delivered","UC-07 delivering ticket (original mapped in docs/usecases/uc-07/open-questions.md); e2e/uc07-sensitive-material.spec.ts; PR #139 (merge 9d47a9d), save-audit fix in PR #148 (e2263d8)","0d7a4f2e-6fea-4103-8b21-9b6c45d69272"
"LER-1253","Story","Done","UC-07: Locked message names the required permission level and its holders","delivered","UC-07 delivering ticket (original mapped in docs/usecases/uc-07/open-questions.md); e2e/uc07-sensitive-material.spec.ts; PR #139 (merge 9d47a9d), save-audit fix in PR #148 (e2263d8)","dbd3f93c-f654-4cc6-b713-448980dea115"
"LER-1254","Story","Done","UC-07: QA — Definition of Done checks","delivered","UC-07 delivering ticket (original mapped in docs/usecases/uc-07/open-questions.md); e2e/uc07-sensitive-material.spec.ts; PR #139 (merge 9d47a9d), save-audit fix in PR #148 (e2263d8)","04cdc39a-538b-4142-b0e9-6ff7bb94e994"
"LER-1255","Story","Done","UC-08: Review & Finalise trigger — the single entry point","delivered","UC-08 delivering ticket (original mapped in docs/usecases/uc-08/open-questions.md); e2e/uc08-review-quality.spec.ts; PR #142 (merge 83b6148), audit-order fix PR #144 (4cbbdcd)","be5f7bc8-dc7e-478c-84ec-e6d828a3c737"
"LER-1256","Story","Done","UC-08: Check 1 — every required field, every field type","delivered","UC-08 delivering ticket (original mapped in docs/usecases/uc-08/open-questions.md); e2e/uc08-review-quality.spec.ts; PR #142 (merge 83b6148), audit-order fix PR #144 (4cbbdcd)","e945bf9b-fe6a-4be7-9700-a100cb509a4f"
"LER-1257","Story","Done","UC-08: Check 2 — date validity and chronological sequence","delivered","UC-08 delivering ticket (original mapped in docs/usecases/uc-08/open-questions.md); e2e/uc08-review-quality.spec.ts; PR #142 (merge 83b6148), audit-order fix PR #144 (4cbbdcd)","b6fe915c-d166-4856-a20b-13ca2e066c6f"
"LER-1258","Story","Done","UC-08: Check 3 — cross-form reference consistency","delivered","UC-08 delivering ticket (original mapped in docs/usecases/uc-08/open-questions.md); e2e/uc08-review-quality.spec.ts; PR #142 (merge 83b6148), audit-order fix PR #144 (4cbbdcd)","28e743d0-703d-41de-b6c2-01fd604ad1a3"
"LER-1259","Story","Done","UC-08: Cross-form rules — the declared shared vocabulary","delivered","UC-08 delivering ticket (original mapped in docs/usecases/uc-08/open-questions.md); e2e/uc08-review-quality.spec.ts; PR #142 (merge 83b6148), audit-order fix PR #144 (4cbbdcd)","2ba562f0-a159-4720-8021-f38e1dc3917e"
"LER-1260","Story","Done","UC-08: Check 4 — MG6D handling confirmed","delivered","UC-08 delivering ticket (original mapped in docs/usecases/uc-08/open-questions.md); e2e/uc08-review-quality.spec.ts; PR #142 (merge 83b6148), audit-order fix PR #144 (4cbbdcd)","29879b6a-a776-435f-8249-23479cf534e7"
"LER-1261","Story","Done","UC-08: Issue checklist display","delivered","UC-08 delivering ticket (original mapped in docs/usecases/uc-08/open-questions.md); e2e/uc08-review-quality.spec.ts; PR #142 (merge 83b6148), audit-order fix PR #144 (4cbbdcd)","871ac787-eff9-4319-b4f2-3137c5ccc665"
"LER-1262","Story","Done","UC-08: Jump to field navigation","delivered","UC-08 delivering ticket (original mapped in docs/usecases/uc-08/open-questions.md); e2e/uc08-review-quality.spec.ts; PR #142 (merge 83b6148), audit-order fix PR #144 (4cbbdcd)","2630625b-62d9-4a43-9a57-5829abd3b61a"
"LER-1263","Story","Done","UC-08: Blocking issues must resolve","delivered","UC-08 delivering ticket (original mapped in docs/usecases/uc-08/open-questions.md); e2e/uc08-review-quality.spec.ts; PR #142 (merge 83b6148), audit-order fix PR #144 (4cbbdcd)","731a1166-1b64-477d-a96c-251eea0cd1e2"
"LER-1264","Story","Done","UC-08: Advisory acknowledgement","delivered","UC-08 delivering ticket (original mapped in docs/usecases/uc-08/open-questions.md); e2e/uc08-review-quality.spec.ts; PR #142 (merge 83b6148), audit-order fix PR #144 (4cbbdcd)","497ee3bc-97e5-4c38-9726-b671803a4c49"
"LER-1265","Story","Done","UC-08: Advisory override with reason — written to the audit log","delivered","UC-08 delivering ticket (original mapped in docs/usecases/uc-08/open-questions.md); e2e/uc08-review-quality.spec.ts; PR #142 (merge 83b6148), audit-order fix PR #144 (4cbbdcd)","50ff8036-7ac5-460d-aee0-8a0bcf8ea118"
"LER-1266","Story","Done","UC-08: Finalise gating — enforced at the API, not just the button","delivered","UC-08 delivering ticket (original mapped in docs/usecases/uc-08/open-questions.md); e2e/uc08-review-quality.spec.ts; PR #142 (merge 83b6148), audit-order fix PR #144 (4cbbdcd)","2484776a-7698-41dd-b567-24309029acf7"
"LER-1267","Story","Done","UC-08: Quality check outcome logged — evidence it ran","delivered","UC-08 delivering ticket (original mapped in docs/usecases/uc-08/open-questions.md); e2e/uc08-review-quality.spec.ts; PR #142 (merge 83b6148), audit-order fix PR #144 (4cbbdcd)","410e5cdd-d023-46a0-8825-156760471ca8"
"LER-1268","Story","Done","UC-08: QA — Definition of Done checks","delivered","UC-08 delivering ticket (original mapped in docs/usecases/uc-08/open-questions.md); e2e/uc08-review-quality.spec.ts; PR #142 (merge 83b6148), audit-order fix PR #144 (4cbbdcd)","eea7a291-baa8-47bb-bf6a-75621dcfdfed"
"LER-1269","Story","To Do","Test-fixture debt: dev.db baseline pollutes case-wide checks — strategy decision before UC-09","not-started","fixture-debt strategy (docs/pr-bodies/mgs-pre-uc09-cleanup.md); agent mode since turned off in the UI","02e5a065-6359-4157-96fd-1524b98695d9"
"LER-1270","Bug","To Do","checkDateLogic accepts impossible calendar dates — validity is shape-only","not-started","found by unit-test tranche 1 (24 Aug); repro in the tranche's bugs draft; agent mode needs the UI flip","72212db0-a76d-4dc5-b218-f01a4ca8890f"
"LER-1271","Bug","To Do","ValidationFinding.relatedFieldId carries a display label on the failed ordering branch","not-started","found by unit-test tranche 1 (24 Aug); acknowledgement ids embed display text — fails safe but keys audit rows on mutable strings; agent mode needs the UI flip","878655bf-a8af-4926-8de4-4eeea1be9913"
"LER-1272","Bug","To Do","A half-filled sensitive schedule row reviews clean — MG6D completeness tests emptiness only","not-started","promoted from a tranche-1 lesser observation (24 Aug); a form can finalise with blank required columns in a sensitive row; agent mode needs the UI flip","b09f5b2f-44e0-4d1a-9597-c54beb2f935a"
