"Form","Repo currently calls it","Official name per our research","Same form?","Fields proposed","Documented","Our checker corroborated","Checker verdict","REVIEW — Is this the right form? (Y/N)","REVIEW — Comments"
"MG1","File Front Sheet","File Front Sheet (legacy — no longer part of the MG suite)","looks right","7","0","0","not-usable","",""
"MG2","Initial Description of Taped Interview","Special Measures Assessment (printed title: Witness Assessment for Special Measures)","DIFFERS","34","33","33","usable-as-draft","",""
"MG3","Report to Crown Prosecutor for Charging Decision","Pre-Charge Decision Request (formerly ""Report to Crown Prosecutor for Charging Decision"")","DIFFERS","59","57","57","usable-as-draft","",""
"MG4","Charge Sheet / Written Requisition","Charge Sheet (printed heading ""CHARGE(S)""; called ""Charge record"" in the Manual of Guidance and ""MG 4 - Charges"" in CPS CMS)","looks right","37","36","37","usable-as-draft","",""
"MG6","Case File Information (Unused Material)","Case File Evidence and Information","looks right","41","41","41","usable-as-draft","",""
"MG12","Exhibit List","Exhibit List","looks right","9","9","9","usable-as-draft","",""
"MG14","Eyewitness / Identification Statement","Conditional Caution","DIFFERS","34","34","31","usable-with-caveats","",""
"MG15","Record of Interview (Non-taped)","Interview Record","DIFFERS","17","17","14","usable-with-caveats","",""
"MG16","Bad Character Evidence","Bad Character or Dangerous Offender Information","looks right","15","11","13","usable-as-draft","",""
